elasticity,std_error,p_value,r_squared,observations
-0.6697331068041866,0.005268009008804963,0.0,0.23749081535329575,51895
