product,avg_volatility,max_volatility
COFFEE XTRA 100g JAR INSTANT SOUTH BLEND CONTINENTAL,82.24106925978765,104.98730081935307
MEDJOUL DATES LARGE FLYBERRY loose kgs,42.65064625636783,215.87062911449007
GAJANAN TELANGANA SONA RICE 5Kg,42.2503677308891,197.9898987322333
ENG ITEM BROCOLI SAMBERRY,27.928835145220223,109.43323683328337
XTRA 50gm POUCH  CONTINENTAL,27.056619950583883,46.55641738793912
PERSIMMON FRUIT,25.640196384300303,72.97259759663211
AA KAKARAKAI,24.777644165280176,108.35062796310874
LETTUCE RED ENG ITEM SAMBERRY,24.658668288336074,46.86759465314419
